"","country","year","key","value"
"1","United States of America",2024,"p1",7
"2","United States of America",2024,"p2",6.83
"3","United States of America",2024,"p3",3.17
"4","United States of America",2024,"p4",6.67
"5","United States of America",2024,"p5",5.83
"6","United States of America",2024,"p6",2.5
"7","China",2024,"p1",7
"8","China",2024,"p2",7
"9","China",2024,"p3",5.17
"10","China",2024,"p4",6.67
"11","China",2024,"p5",3.67
"12","China",2024,"p6",2.17
"13","South Korea",2024,"p1",7
"14","South Korea",2024,"p2",6.17
"15","South Korea",2024,"p3",3
"16","South Korea",2024,"p4",7
"17","South Korea",2024,"p5",1.17
"18","South Korea",2024,"p6",3.67
"19","United Kingdom",2024,"p1",7
"20","United Kingdom",2024,"p2",5.5
"21","United Kingdom",2024,"p3",1.33
"22","United Kingdom",2024,"p4",7
"23","United Kingdom",2024,"p5",5.17
"24","United Kingdom",2024,"p6",1
"25","Taiwan",2024,"p1",7
"26","Taiwan",2024,"p2",5.5
"27","Taiwan",2024,"p3",1
"28","Taiwan",2024,"p4",7
"29","Taiwan",2024,"p5",3.83
"30","Taiwan",2024,"p6",0.5
"31","Romania",2024,"p1",6.5
"32","Romania",2024,"p2",7
"33","Romania",2024,"p3",0.33
"34","Romania",2024,"p4",6.5
"35","Romania",2024,"p5",2.33
"36","Romania",2024,"p6",1.5
"37","Italy",2024,"p1",7
"38","Italy",2024,"p2",5.33
"39","Italy",2024,"p3",0.5
"40","Italy",2024,"p4",6
"41","Italy",2024,"p5",4.5
"42","Italy",2024,"p6",0.5
"43","Israel",2024,"p1",6.5
"44","Israel",2024,"p2",5.83
"45","Israel",2024,"p3",2.33
"46","Israel",2024,"p4",6
"47","Israel",2024,"p5",2.33
"48","Israel",2024,"p6",0.67
"49","Canada",2024,"p1",6.17
"50","Canada",2024,"p2",3.83
"51","Canada",2024,"p3",1.33
"52","Canada",2024,"p4",7
"53","Canada",2024,"p5",1.83
"54","Canada",2024,"p6",1.67
"55","China",2023,"p1",7
"56","China",2023,"p2",7
"57","China",2023,"p3",7
"58","China",2023,"p4",7
"59","China",2023,"p5",7
"60","China",2023,"p6",5
"61","United States of America",2023,"p1",7
"62","United States of America",2023,"p2",7
"63","United States of America",2023,"p3",7
"64","United States of America",2023,"p4",7
"65","United States of America",2023,"p5",6.17
"66","United States of America",2023,"p6",2.83
"67","South Korea",2023,"p1",7
"68","South Korea",2023,"p2",6.67
"69","South Korea",2023,"p3",7
"70","South Korea",2023,"p4",7
"71","South Korea",2023,"p5",5.5
"72","South Korea",2023,"p6",2.67
"73","Romania",2023,"p1",7
"74","Romania",2023,"p2",7
"75","Romania",2023,"p3",7
"76","Romania",2023,"p4",7
"77","Romania",2023,"p5",4
"78","Romania",2023,"p6",2.67
"79","Canada",2023,"p1",7
"80","Canada",2023,"p2",4.83
"81","Canada",2023,"p3",4.17
"82","Canada",2023,"p4",7
"83","Canada",2023,"p5",6.33
"84","Canada",2023,"p6",1.17
"85","Taiwan",2023,"p1",7
"86","Taiwan",2023,"p2",6
"87","Taiwan",2023,"p3",2.17
"88","Taiwan",2023,"p4",7
"89","Taiwan",2023,"p5",6.33
"90","Taiwan",2023,"p6",0.33
"91","United Kingdom",2023,"p1",7
"92","United Kingdom",2023,"p2",5
"93","United Kingdom",2023,"p3",3.67
"94","United Kingdom",2023,"p4",6.5
"95","United Kingdom",2023,"p5",5.67
"96","United Kingdom",2023,"p6",0
"97","Israel",2023,"p1",6.5
"98","Israel",2023,"p2",3
"99","Israel",2023,"p3",4.67
"100","Israel",2023,"p4",7
"101","Israel",2023,"p5",5.5
"102","Israel",2023,"p6",0.5
"103","Italy",2023,"p1",6.33
"104","Italy",2023,"p2",6.83
"105","Italy",2023,"p3",1.33
"106","Italy",2023,"p4",7
"107","Italy",2023,"p5",4.83
"108","Italy",2023,"p6",0.17
"109","China",2022,"p1",7
"110","China",2022,"p2",7
"111","China",2022,"p3",7
"112","China",2022,"p4",7
"113","China",2022,"p5",7
"114","China",2022,"p6",7
"115","South Korea",2022,"p1",7
"116","South Korea",2022,"p2",7
"117","South Korea",2022,"p3",4.33
"118","South Korea",2022,"p4",7
"119","South Korea",2022,"p5",6.83
"120","South Korea",2022,"p6",2.5
"121","United States of America",2022,"p1",7
"122","United States of America",2022,"p2",7
"123","United States of America",2022,"p3",2.67
"124","United States of America",2022,"p4",7
"125","United States of America",2022,"p5",6.5
"126","United States of America",2022,"p6",4.33
"127","Romania",2022,"p1",7
"128","Romania",2022,"p2",6.83
"129","Romania",2022,"p3",2.83
"130","Romania",2022,"p4",7
"131","Romania",2022,"p5",7
"132","Romania",2022,"p6",1.67
"133","Israel",2022,"p1",6.83
"134","Israel",2022,"p2",7
"135","Israel",2022,"p3",2.5
"136","Israel",2022,"p4",7
"137","Israel",2022,"p5",6.17
"138","Israel",2022,"p6",1.83
"139","Italy",2022,"p1",6.67
"140","Italy",2022,"p2",6.33
"141","Italy",2022,"p3",2
"142","Italy",2022,"p4",7
"143","Italy",2022,"p5",6.67
"144","Italy",2022,"p6",2.67
"145","United Kingdom",2022,"p1",7
"146","United Kingdom",2022,"p2",6.67
"147","United Kingdom",2022,"p3",2.33
"148","United Kingdom",2022,"p4",7
"149","United Kingdom",2022,"p5",5.83
"150","United Kingdom",2022,"p6",1
"151","Canada",2022,"p1",7
"152","Canada",2022,"p2",6.83
"153","Canada",2022,"p3",2.5
"154","Canada",2022,"p4",4.67
"155","Canada",2022,"p5",6.17
"156","Canada",2022,"p6",2.5
"157","Taiwan",2022,"p1",7
"158","Taiwan",2022,"p2",7
"159","Taiwan",2022,"p3",1
"160","Taiwan",2022,"p4",7
"161","Taiwan",2022,"p5",5.67
"162","Taiwan",2022,"p6",2
"163","China",2021,"p1",7
"164","China",2021,"p2",2.67
"165","China",2021,"p3",4
"166","China",2021,"p4",7
"167","China",2021,"p5",7
"168","China",2021,"p6",7
"169","Russia",2021,"p1",6.67
"170","Russia",2021,"p2",2.83
"171","Russia",2021,"p3",3.5
"172","Russia",2021,"p4",7
"173","Russia",2021,"p5",5.83
"174","Russia",2021,"p6",4.67
"175","South Korea",2021,"p1",6.67
"176","South Korea",2021,"p2",1.5
"177","South Korea",2021,"p3",1.67
"178","South Korea",2021,"p4",7
"179","South Korea",2021,"p5",5.83
"180","South Korea",2021,"p6",6
"181","United States of America",2021,"p1",6.67
"182","United States of America",2021,"p2",0.33
"183","United States of America",2021,"p3",2.83
"184","United States of America",2021,"p4",7
"185","United States of America",2021,"p5",5.83
"186","United States of America",2021,"p6",4.83
"187","Canada",2021,"p1",6.83
"188","Canada",2021,"p2",1.33
"189","Canada",2021,"p3",0.67
"190","Canada",2021,"p4",7
"191","Canada",2021,"p5",7
"192","Canada",2021,"p6",2.33
"193","Israel",2021,"p1",6.33
"194","Israel",2021,"p2",3.67
"195","Israel",2021,"p3",0.33
"196","Israel",2021,"p4",7
"197","Israel",2021,"p5",5.83
"198","Israel",2021,"p6",0
"199","Italy",2021,"p1",6.83
"200","Italy",2021,"p2",0.67
"201","Italy",2021,"p3",1.5
"202","Italy",2021,"p4",5.83
"203","Italy",2021,"p5",7
"204","Italy",2021,"p6",1.33
"205","Taiwan",2021,"p1",6.83
"206","Taiwan",2021,"p2",0.83
"207","Taiwan",2021,"p3",1.5
"208","Taiwan",2021,"p4",6.67
"209","Taiwan",2021,"p5",4.83
"210","Taiwan",2021,"p6",1.17
"211","United Kingdom",2021,"p1",7
"212","United Kingdom",2021,"p2",0.33
"213","United Kingdom",2021,"p3",0.5
"214","United Kingdom",2021,"p4",5.83
"215","United Kingdom",2021,"p5",5.83
"216","United Kingdom",2021,"p6",2.33
"217","Romania",2021,"p1",6.67
"218","Romania",2021,"p2",0.5
"219","Romania",2021,"p3",1.5
"220","Romania",2021,"p4",6.17
"221","Romania",2021,"p5",2.33
"222","Romania",2021,"p6",0.33
"223","China",2020,"p1",7
"224","China",2020,"p2",6.33
"225","China",2020,"p3",5.17
"226","China",2020,"p4",7
"227","China",2020,"p5",7
"228","China",2020,"p6",3.33
"229","Russia",2020,"p1",7
"230","Russia",2020,"p2",5.17
"231","Russia",2020,"p3",4.67
"232","Russia",2020,"p4",7
"233","Russia",2020,"p5",6
"234","Russia",2020,"p6",1
"235","United States of America",2020,"p1",7
"236","United States of America",2020,"p2",6
"237","United States of America",2020,"p3",2.5
"238","United States of America",2020,"p4",7
"239","United States of America",2020,"p5",7
"240","United States of America",2020,"p6",1
"241","South Korea",2020,"p1",7
"242","South Korea",2020,"p2",5.33
"243","South Korea",2020,"p3",3.67
"244","South Korea",2020,"p4",6.33
"245","South Korea",2020,"p5",6
"246","South Korea",2020,"p6",0.83
"247","Italy",2020,"p1",7
"248","Italy",2020,"p2",5
"249","Italy",2020,"p3",2.17
"250","Italy",2020,"p4",6.83
"251","Italy",2020,"p5",7
"252","Italy",2020,"p6",0.5
"253","United Kingdom",2020,"p1",7
"254","United Kingdom",2020,"p2",5.33
"255","United Kingdom",2020,"p3",0.67
"256","United Kingdom",2020,"p4",7
"257","United Kingdom",2020,"p5",7
"258","United Kingdom",2020,"p6",0.83
"259","Canada",2020,"p1",7
"260","Canada",2020,"p2",4.67
"261","Canada",2020,"p3",2.33
"262","Canada",2020,"p4",7
"263","Canada",2020,"p5",5
"264","Canada",2020,"p6",0.83
"265","Romania",2020,"p1",7
"266","Romania",2020,"p2",4
"267","Romania",2020,"p3",1.17
"268","Romania",2020,"p4",5.83
"269","Romania",2020,"p5",7
"270","Romania",2020,"p6",0.33
"271","Israel",2020,"p1",5.83
"272","Israel",2020,"p2",2.17
"273","Israel",2020,"p3",0.67
"274","Israel",2020,"p4",6.83
"275","Israel",2020,"p5",7
"276","Israel",2020,"p6",1.83
"277","Taiwan",2020,"p1",7
"278","Taiwan",2020,"p2",4
"279","Taiwan",2020,"p3",2
"280","Taiwan",2020,"p4",7
"281","Taiwan",2020,"p5",3.67
"282","Taiwan",2020,"p6",0.5
"283","China",2019,"p1",6.67
"284","China",2019,"p2",6.83
"285","China",2019,"p3",4.5
"286","China",2019,"p4",6.83
"287","China",2019,"p5",7
"288","China",2019,"p6",6
"289","United States of America",2019,"p1",7
"290","United States of America",2019,"p2",6.67
"291","United States of America",2019,"p3",4.33
"292","United States of America",2019,"p4",7
"293","United States of America",2019,"p5",7
"294","United States of America",2019,"p6",5.83
"295","South Korea",2019,"p1",7
"296","South Korea",2019,"p2",6.5
"297","South Korea",2019,"p3",5.17
"298","South Korea",2019,"p4",7
"299","South Korea",2019,"p5",7
"300","South Korea",2019,"p6",5
"301","Russia",2019,"p1",6.5
"302","Russia",2019,"p2",6.67
"303","Russia",2019,"p3",2.83
"304","Russia",2019,"p4",5.83
"305","Russia",2019,"p5",7
"306","Russia",2019,"p6",1
"307","Israel",2019,"p1",7
"308","Israel",2019,"p2",3.17
"309","Israel",2019,"p3",3
"310","Israel",2019,"p4",5.67
"311","Israel",2019,"p5",7
"312","Israel",2019,"p6",0.17
"313","Romania",2019,"p1",7
"314","Romania",2019,"p2",5
"315","Romania",2019,"p3",1.17
"316","Romania",2019,"p4",7
"317","Romania",2019,"p5",5.33
"318","Romania",2019,"p6",0.33
"319","United Kingdom",2019,"p1",6.5
"320","United Kingdom",2019,"p2",5.17
"321","United Kingdom",2019,"p3",0.33
"322","United Kingdom",2019,"p4",5.5
"323","United Kingdom",2019,"p5",6.17
"324","United Kingdom",2019,"p6",1.17
"325","Taiwan",2019,"p1",6.67
"326","Taiwan",2019,"p2",3.5
"327","Taiwan",2019,"p3",1.17
"328","Taiwan",2019,"p4",6.5
"329","Taiwan",2019,"p5",5.67
"330","Taiwan",2019,"p6",1.17
"331","Canada",2019,"p1",7
"332","Canada",2019,"p2",2.67
"333","Canada",2019,"p3",0.5
"334","Canada",2019,"p4",6.5
"335","Canada",2019,"p5",7
"336","Canada",2019,"p6",0.33
"337","Italy",2019,"p1",7
"338","Italy",2019,"p2",6
"339","Italy",2019,"p3",0
"340","Italy",2019,"p4",5
"341","Italy",2019,"p5",5.17
"342","Italy",2019,"p6",0.17
"343","United States of America",2018,"p1",7
"344","United States of America",2018,"p2",6.83
"345","United States of America",2018,"p3",2.33
"346","United States of America",2018,"p4",7
"347","United States of America",2018,"p5",7
"348","United States of America",2018,"p6",5.17
"349","Russia",2018,"p1",7
"350","Russia",2018,"p2",7
"351","Russia",2018,"p3",1.83
"352","Russia",2018,"p4",7
"353","Russia",2018,"p5",6.83
"354","Russia",2018,"p6",3.83
"355","China",2018,"p1",7
"356","China",2018,"p2",6.17
"357","China",2018,"p3",2.83
"358","China",2018,"p4",7
"359","China",2018,"p5",7
"360","China",2018,"p6",3.17
"361","Taiwan",2018,"p1",7
"362","Taiwan",2018,"p2",7
"363","Taiwan",2018,"p3",2.5
"364","Taiwan",2018,"p4",6.17
"365","Taiwan",2018,"p5",4.17
"366","Taiwan",2018,"p6",3
"367","South Korea",2018,"p1",7
"368","South Korea",2018,"p2",7
"369","South Korea",2018,"p3",0.5
"370","South Korea",2018,"p4",7
"371","South Korea",2018,"p5",6
"372","South Korea",2018,"p6",2
"373","United Kingdom",2018,"p1",7
"374","United Kingdom",2018,"p2",5
"375","United Kingdom",2018,"p3",1.17
"376","United Kingdom",2018,"p4",6.17
"377","United Kingdom",2018,"p5",5.5
"378","United Kingdom",2018,"p6",2
"379","Canada",2018,"p1",7
"380","Canada",2018,"p2",4.5
"381","Canada",2018,"p3",0.17
"382","Canada",2018,"p4",7
"383","Canada",2018,"p5",6
"384","Canada",2018,"p6",1.33
"385","Italy",2018,"p1",7
"386","Italy",2018,"p2",5.17
"387","Italy",2018,"p3",0.17
"388","Italy",2018,"p4",6.17
"389","Italy",2018,"p5",6.17
"390","Italy",2018,"p6",1
"391","Israel",2018,"p1",6.33
"392","Israel",2018,"p2",5
"393","Israel",2018,"p3",0.33
"394","Israel",2018,"p4",5.17
"395","Israel",2018,"p5",4.33
"396","Israel",2018,"p6",1.5
"397","Romania",2018,"p1",6.83
"398","Romania",2018,"p2",5.5
"399","Romania",2018,"p3",0
"400","Romania",2018,"p4",4.17
"401","Romania",2018,"p5",4
"402","Romania",2018,"p6",1
"403","South Korea",2017,"p1",7
"404","South Korea",2017,"p2",6.5
"405","South Korea",2017,"p3",0.17
"406","South Korea",2017,"p4",7
"407","South Korea",2017,"p5",3.67
"408","South Korea",2017,"p6",4
"409","China",2017,"p1",7
"410","China",2017,"p2",4.17
"411","China",2017,"p3",0
"412","China",2017,"p4",7
"413","China",2017,"p5",3.17
"414","China",2017,"p6",5.17
"415","United States of America",2017,"p1",7
"416","United States of America",2017,"p2",4.83
"417","United States of America",2017,"p3",0
"418","United States of America",2017,"p4",7
"419","United States of America",2017,"p5",3.83
"420","United States of America",2017,"p6",2
"421","Taiwan",2017,"p1",6.67
"422","Taiwan",2017,"p2",5.17
"423","Taiwan",2017,"p3",0
"424","Taiwan",2017,"p4",7
"425","Taiwan",2017,"p5",1.17
"426","Taiwan",2017,"p6",1.67
"427","United Kingdom",2017,"p1",7
"428","United Kingdom",2017,"p2",2.83
"429","United Kingdom",2017,"p3",0.83
"430","United Kingdom",2017,"p4",7
"431","United Kingdom",2017,"p5",1.33
"432","United Kingdom",2017,"p6",2.67
"433","Russia",2017,"p1",7
"434","Russia",2017,"p2",4.33
"435","Russia",2017,"p3",1.17
"436","Russia",2017,"p4",6.17
"437","Russia",2017,"p5",1.33
"438","Russia",2017,"p6",1.33
"439","Italy",2017,"p1",7
"440","Italy",2017,"p2",3.67
"441","Italy",2017,"p3",0
"442","Italy",2017,"p4",5.67
"443","Italy",2017,"p5",3
"444","Italy",2017,"p6",0
"445","Romania",2017,"p1",7
"446","Romania",2017,"p2",2.83
"447","Romania",2017,"p3",0
"448","Romania",2017,"p4",7
"449","Romania",2017,"p5",1.5
"450","Romania",2017,"p6",0.83
"451","Canada",2017,"p1",7
"452","Canada",2017,"p2",3.67
"453","Canada",2017,"p3",0
"454","Canada",2017,"p4",6.17
"455","Canada",2017,"p5",0.17
"456","Canada",2017,"p6",1.33
"457","Israel",2017,"p1",6.67
"458","Israel",2017,"p2",5.5
"459","Israel",2017,"p3",0
"460","Israel",2017,"p4",5
"461","Israel",2017,"p5",0.17
"462","Israel",2017,"p6",0.5
"463","United States of America",2016,"p1",6.17
"464","United States of America",2016,"p2",7
"465","United States of America",2016,"p3",4.5
"466","United States of America",2016,"p4",7
"467","United States of America",2016,"p5",6.83
"468","United States of America",2016,"p6",4.17
"469","South Korea",2016,"p1",7
"470","South Korea",2016,"p2",6.83
"471","South Korea",2016,"p3",3.83
"472","South Korea",2016,"p4",7
"473","South Korea",2016,"p5",5.5
"474","South Korea",2016,"p6",4.33
"475","China",2016,"p1",7
"476","China",2016,"p2",5
"477","China",2016,"p3",3.33
"478","China",2016,"p4",7
"479","China",2016,"p5",7
"480","China",2016,"p6",4.67
"481","Taiwan",2016,"p1",7
"482","Taiwan",2016,"p2",6.17
"483","Taiwan",2016,"p3",1.17
"484","Taiwan",2016,"p4",6.33
"485","Taiwan",2016,"p5",5
"486","Taiwan",2016,"p6",3.5
"487","Russia",2016,"p1",7
"488","Russia",2016,"p2",4.67
"489","Russia",2016,"p3",1.67
"490","Russia",2016,"p4",6.83
"491","Russia",2016,"p5",6.17
"492","Russia",2016,"p6",1.17
"493","United Kingdom",2016,"p1",5.83
"494","United Kingdom",2016,"p2",6
"495","United Kingdom",2016,"p3",0.67
"496","United Kingdom",2016,"p4",6.83
"497","United Kingdom",2016,"p5",4.67
"498","United Kingdom",2016,"p6",3.5
"499","Canada",2016,"p1",6
"500","Canada",2016,"p2",4.5
"501","Canada",2016,"p3",0.5
"502","Canada",2016,"p4",7
"503","Canada",2016,"p5",5
"504","Canada",2016,"p6",1.67
"505","Italy",2016,"p1",6.83
"506","Italy",2016,"p2",4.67
"507","Italy",2016,"p3",0.33
"508","Italy",2016,"p4",6.33
"509","Italy",2016,"p5",3.67
"510","Italy",2016,"p6",1.17
"511","Romania",2016,"p1",7
"512","Romania",2016,"p2",5
"513","Romania",2016,"p3",0.17
"514","Romania",2016,"p4",6.5
"515","Romania",2016,"p5",2.67
"516","Romania",2016,"p6",0.33
"517","Israel",2016,"p1",7
"518","Israel",2016,"p2",1.5
"519","Israel",2016,"p3",1.5
"520","Israel",2016,"p4",5.67
"521","Israel",2016,"p5",4.5
"522","Israel",2016,"p6",1
"523","United States of America",2015,"p1",7
"524","United States of America",2015,"p2",5.33
"525","United States of America",2015,"p3",5.17
"526","United States of America",2015,"p4",7
"527","United States of America",2015,"p5",4.17
"528","United States of America",2015,"p6",2.17
"529","China",2015,"p1",7
"530","China",2015,"p2",6
"531","China",2015,"p3",2
"532","China",2015,"p4",7
"533","China",2015,"p5",3.67
"534","China",2015,"p6",4.5
"535","South Korea",2015,"p1",7
"536","South Korea",2015,"p2",2.5
"537","South Korea",2015,"p3",3
"538","South Korea",2015,"p4",7
"539","South Korea",2015,"p5",4.17
"540","South Korea",2015,"p6",3.17
"541","Russia",2015,"p1",7
"542","Russia",2015,"p2",3.17
"543","Russia",2015,"p3",1.33
"544","Russia",2015,"p4",7
"545","Russia",2015,"p5",1.5
"546","Russia",2015,"p6",3.5
"547","Canada",2015,"p1",6.5
"548","Canada",2015,"p2",2.83
"549","Canada",2015,"p3",1.17
"550","Canada",2015,"p4",7
"551","Canada",2015,"p5",3.5
"552","Canada",2015,"p6",2.33
"553","Romania",2015,"p1",6.17
"554","Romania",2015,"p2",3.5
"555","Romania",2015,"p3",2
"556","Romania",2015,"p4",7
"557","Romania",2015,"p5",3.33
"558","Romania",2015,"p6",0
"559","Taiwan",2015,"p1",5.83
"560","Taiwan",2015,"p2",1.5
"561","Taiwan",2015,"p3",0.83
"562","Taiwan",2015,"p4",6.67
"563","Taiwan",2015,"p5",3
"564","Taiwan",2015,"p6",1.33
"565","United Kingdom",2015,"p1",7
"566","United Kingdom",2015,"p2",2.5
"567","United Kingdom",2015,"p3",0.5
"568","United Kingdom",2015,"p4",6
"569","United Kingdom",2015,"p5",2
"570","United Kingdom",2015,"p6",0.17
"571","Italy",2015,"p1",4.5
"572","Italy",2015,"p2",2.67
"573","Italy",2015,"p3",2.5
"574","Italy",2015,"p4",4.33
"575","Italy",2015,"p5",2
"576","Italy",2015,"p6",0.67
"577","Israel",2015,"p1",6
"578","Israel",2015,"p2",2.33
"579","Israel",2015,"p3",0.83
"580","Israel",2015,"p4",3
"581","Israel",2015,"p5",1.5
"582","Israel",2015,"p6",0.17
"583","China",2014,"p1",7
"584","China",2014,"p2",7
"585","China",2014,"p3",2.67
"586","China",2014,"p4",7
"587","China",2014,"p5",5.83
"588","China",2014,"p6",4
"589","United States of America",2014,"p1",7
"590","United States of America",2014,"p2",6.67
"591","United States of America",2014,"p3",3.83
"592","United States of America",2014,"p4",7
"593","United States of America",2014,"p5",5.17
"594","United States of America",2014,"p6",2.5
"595","Taiwan",2014,"p1",7
"596","Taiwan",2014,"p2",6.33
"597","Taiwan",2014,"p3",4.67
"598","Taiwan",2014,"p4",7
"599","Taiwan",2014,"p5",4.83
"600","Taiwan",2014,"p6",2.17
"601","Russia",2014,"p1",7
"602","Russia",2014,"p2",6.67
"603","Russia",2014,"p3",4.83
"604","Russia",2014,"p4",7
"605","Russia",2014,"p5",4
"606","Russia",2014,"p6",2.33
"607","South Korea",2014,"p1",7
"608","South Korea",2014,"p2",4.83
"609","South Korea",2014,"p3",3.83
"610","South Korea",2014,"p4",7
"611","South Korea",2014,"p5",4.5
"612","South Korea",2014,"p6",1.5
"613","Canada",2014,"p1",6.83
"614","Canada",2014,"p2",6.17
"615","Canada",2014,"p3",1
"616","Canada",2014,"p4",6.33
"617","Canada",2014,"p5",4
"618","Canada",2014,"p6",2.17
"619","Romania",2014,"p1",6.83
"620","Romania",2014,"p2",6.67
"621","Romania",2014,"p3",1.5
"622","Romania",2014,"p4",7
"623","Romania",2014,"p5",3.67
"624","Romania",2014,"p6",0.33
"625","Israel",2014,"p1",7
"626","Israel",2014,"p2",6.5
"627","Israel",2014,"p3",0.17
"628","Israel",2014,"p4",6.17
"629","Israel",2014,"p5",3.67
"630","Israel",2014,"p6",0.33
"631","United Kingdom",2014,"p1",6.67
"632","United Kingdom",2014,"p2",5.83
"633","United Kingdom",2014,"p3",0.17
"634","United Kingdom",2014,"p4",7
"635","United Kingdom",2014,"p5",4
"636","United Kingdom",2014,"p6",0
"637","Italy",2014,"p1",6.83
"638","Italy",2014,"p2",4.5
"639","Italy",2014,"p3",1.5
"640","Italy",2014,"p4",5.5
"641","Italy",2014,"p5",1.83
"642","Italy",2014,"p6",1.17
"643","China",2013,"p1",7
"644","China",2013,"p2",6.33
"645","China",2013,"p3",5
"646","China",2013,"p4",6.83
"647","China",2013,"p5",7
"648","China",2013,"p6",2.5
"649","South Korea",2013,"p1",7
"650","South Korea",2013,"p2",6.33
"651","South Korea",2013,"p3",4.33
"652","South Korea",2013,"p4",7
"653","South Korea",2013,"p5",6
"654","South Korea",2013,"p6",3.33
"655","United States of America",2013,"p1",7
"656","United States of America",2013,"p2",5.83
"657","United States of America",2013,"p3",2.33
"658","United States of America",2013,"p4",7
"659","United States of America",2013,"p5",6.67
"660","United States of America",2013,"p6",2.83
"661","Russia",2013,"p1",7
"662","Russia",2013,"p2",5.67
"663","Russia",2013,"p3",2.67
"664","Russia",2013,"p4",7
"665","Russia",2013,"p5",6.67
"666","Russia",2013,"p6",2.17
"667","Taiwan",2013,"p1",7
"668","Taiwan",2013,"p2",6.33
"669","Taiwan",2013,"p3",2.17
"670","Taiwan",2013,"p4",7
"671","Taiwan",2013,"p5",4.83
"672","Taiwan",2013,"p6",2
"673","United Kingdom",2013,"p1",7
"674","United Kingdom",2013,"p2",5.5
"675","United Kingdom",2013,"p3",0
"676","United Kingdom",2013,"p4",7
"677","United Kingdom",2013,"p5",6.83
"678","United Kingdom",2013,"p6",2.17
"679","Canada",2013,"p1",7
"680","Canada",2013,"p2",3.83
"681","Canada",2013,"p3",1.17
"682","Canada",2013,"p4",7
"683","Canada",2013,"p5",5.67
"684","Canada",2013,"p6",2.5
"685","Israel",2013,"p1",7
"686","Israel",2013,"p2",6.33
"687","Israel",2013,"p3",1.17
"688","Israel",2013,"p4",7
"689","Israel",2013,"p5",4.67
"690","Israel",2013,"p6",0.67
"691","Italy",2013,"p1",5.67
"692","Italy",2013,"p2",4.5
"693","Italy",2013,"p3",1.5
"694","Italy",2013,"p4",7
"695","Italy",2013,"p5",4.17
"696","Italy",2013,"p6",0
"697","Romania",2013,"p1",6.5
"698","Romania",2013,"p2",1.83
"699","Romania",2013,"p3",1.5
"700","Romania",2013,"p4",7
"701","Romania",2013,"p5",5.17
"702","Romania",2013,"p6",0.33
"703","South Korea",2012,"p1",7
"704","South Korea",2012,"p2",7
"705","South Korea",2012,"p3",3.5
"706","South Korea",2012,"p4",6.5
"707","South Korea",2012,"p5",7
"708","South Korea",2012,"p6",3.83
"709","China",2012,"p1",7
"710","China",2012,"p2",6.67
"711","China",2012,"p3",2.33
"712","China",2012,"p4",5.17
"713","China",2012,"p5",6.33
"714","China",2012,"p6",5
"715","United States of America",2012,"p1",7
"716","United States of America",2012,"p2",6.67
"717","United States of America",2012,"p3",5.5
"718","United States of America",2012,"p4",6.33
"719","United States of America",2012,"p5",3.83
"720","United States of America",2012,"p6",3
"721","Russia",2012,"p1",7
"722","Russia",2012,"p2",5.83
"723","Russia",2012,"p3",3.5
"724","Russia",2012,"p4",6.83
"725","Russia",2012,"p5",4.83
"726","Russia",2012,"p6",1.5
"727","Canada",2012,"p1",7
"728","Canada",2012,"p2",5.33
"729","Canada",2012,"p3",1.5
"730","Canada",2012,"p4",6.5
"731","Canada",2012,"p5",4
"732","Canada",2012,"p6",2.17
"733","Romania",2012,"p1",6.67
"734","Romania",2012,"p2",6
"735","Romania",2012,"p3",1.17
"736","Romania",2012,"p4",6
"737","Romania",2012,"p5",3.33
"738","Romania",2012,"p6",0.83
"739","Taiwan",2012,"p1",7
"740","Taiwan",2012,"p2",3.33
"741","Taiwan",2012,"p3",0.83
"742","Taiwan",2012,"p4",4.83
"743","Taiwan",2012,"p5",3.83
"744","Taiwan",2012,"p6",1.33
"745","United Kingdom",2012,"p1",6
"746","United Kingdom",2012,"p2",2
"747","United Kingdom",2012,"p3",1.5
"748","United Kingdom",2012,"p4",6.83
"749","United Kingdom",2012,"p5",1.83
"750","United Kingdom",2012,"p6",1
"751","Israel",2012,"p1",5.83
"752","Israel",2012,"p2",2.67
"753","Israel",2012,"p3",0.67
"754","Israel",2012,"p4",5.83
"755","Israel",2012,"p5",1.83
"756","Israel",2012,"p6",0.17
"757","Italy",2012,"p1",6.5
"758","Italy",2012,"p2",2.67
"759","Italy",2012,"p3",0.17
"760","Italy",2012,"p4",5
"761","Italy",2012,"p5",1
"762","Italy",2012,"p6",0.17
"763","China",2011,"p1",7
"764","China",2011,"p2",2
"765","China",2011,"p3",7
"766","China",2011,"p4",7
"767","China",2011,"p5",7
"768","China",2011,"p6",1.5
"769","United States of America",2011,"p1",7
"770","United States of America",2011,"p2",3
"771","United States of America",2011,"p3",5.83
"772","United States of America",2011,"p4",7
"773","United States of America",2011,"p5",7
"774","United States of America",2011,"p6",0.83
"775","Russia",2011,"p1",7
"776","Russia",2011,"p2",1.67
"777","Russia",2011,"p3",3.83
"778","Russia",2011,"p4",6.67
"779","Russia",2011,"p5",7
"780","Russia",2011,"p6",0.67
"781","Romania",2011,"p1",6.67
"782","Romania",2011,"p2",0.83
"783","Romania",2011,"p3",4.17
"784","Romania",2011,"p4",7
"785","Romania",2011,"p5",6.5
"786","Romania",2011,"p6",0.5
"787","Taiwan",2011,"p1",7
"788","Taiwan",2011,"p2",1
"789","Taiwan",2011,"p3",2.83
"790","Taiwan",2011,"p4",7
"791","Taiwan",2011,"p5",6.83
"792","Taiwan",2011,"p6",1
"793","South Korea",2011,"p1",7
"794","South Korea",2011,"p2",1.17
"795","South Korea",2011,"p3",4
"796","South Korea",2011,"p4",5
"797","South Korea",2011,"p5",6
"798","South Korea",2011,"p6",0.83
"799","Canada",2011,"p1",7
"800","Canada",2011,"p2",0.67
"801","Canada",2011,"p3",1.5
"802","Canada",2011,"p4",7
"803","Canada",2011,"p5",5.67
"804","Canada",2011,"p6",0.17
"805","United Kingdom",2011,"p1",7
"806","United Kingdom",2011,"p2",1.67
"807","United Kingdom",2011,"p3",1.67
"808","United Kingdom",2011,"p4",6
"809","United Kingdom",2011,"p5",5.67
"810","United Kingdom",2011,"p6",0
"811","Italy",2011,"p1",6.33
"812","Italy",2011,"p2",2.5
"813","Italy",2011,"p3",0.83
"814","Italy",2011,"p4",7
"815","Italy",2011,"p5",4.83
"816","Italy",2011,"p6",0
"817","Israel",2011,"p1",7
"818","Israel",2011,"p2",0.33
"819","Israel",2011,"p3",1.5
"820","Israel",2011,"p4",5.17
"821","Israel",2011,"p5",5.83
"822","Israel",2011,"p6",0
"823","China",2010,"p1",6.83
"824","China",2010,"p2",7
"825","China",2010,"p3",3.83
"826","China",2010,"p4",7
"827","China",2010,"p5",4
"828","China",2010,"p6",4.17
"829","Russia",2010,"p1",6.83
"830","Russia",2010,"p2",5.83
"831","Russia",2010,"p3",1.83
"832","Russia",2010,"p4",7
"833","Russia",2010,"p5",3.33
"834","Russia",2010,"p6",3.33
"835","United States of America",2010,"p1",6.67
"836","United States of America",2010,"p2",7
"837","United States of America",2010,"p3",1.33
"838","United States of America",2010,"p4",7
"839","United States of America",2010,"p5",4
"840","United States of America",2010,"p6",2
"841","South Korea",2010,"p1",7
"842","South Korea",2010,"p2",7
"843","South Korea",2010,"p3",4
"844","South Korea",2010,"p4",7
"845","South Korea",2010,"p5",0
"846","South Korea",2010,"p6",1
"847","Italy",2010,"p1",6.67
"848","Italy",2010,"p2",4.5
"849","Italy",2010,"p3",0.5
"850","Italy",2010,"p4",7
"851","Italy",2010,"p5",3
"852","Italy",2010,"p6",0.5
"853","Canada",2010,"p1",6.17
"854","Canada",2010,"p2",3.5
"855","Canada",2010,"p3",2
"856","Canada",2010,"p4",5.83
"857","Canada",2010,"p5",2.83
"858","Canada",2010,"p6",1.17
"859","Romania",2010,"p1",6.67
"860","Romania",2010,"p2",3.67
"861","Romania",2010,"p3",1.17
"862","Romania",2010,"p4",7
"863","Romania",2010,"p5",1.17
"864","Romania",2010,"p6",1.5
"865","Taiwan",2010,"p1",6.67
"866","Taiwan",2010,"p2",4.83
"867","Taiwan",2010,"p3",0.33
"868","Taiwan",2010,"p4",7
"869","Taiwan",2010,"p5",1.5
"870","Taiwan",2010,"p6",0.17
"871","United Kingdom",2010,"p1",7
"872","United Kingdom",2010,"p2",0.17
"873","United Kingdom",2010,"p3",1.33
"874","United Kingdom",2010,"p4",7
"875","United Kingdom",2010,"p5",2.5
"876","United Kingdom",2010,"p6",1
"877","Israel",2010,"p1",6.6
"878","Israel",2010,"p2",1.8
"879","Israel",2010,"p3",0.2
"880","Israel",2010,"p4",5.4
"881","Israel",2010,"p5",1.2
"882","Israel",2010,"p6",0
"883","China",2009,"p1",7
"884","China",2009,"p2",7
"885","China",2009,"p3",7
"886","China",2009,"p4",7
"887","China",2009,"p5",7
"888","China",2009,"p6",1.83
"889","Russia",2009,"p1",7
"890","Russia",2009,"p2",6.5
"891","Russia",2009,"p3",5.17
"892","Russia",2009,"p4",7
"893","Russia",2009,"p5",7
"894","Russia",2009,"p6",1.17
"895","South Korea",2009,"p1",7
"896","South Korea",2009,"p2",7
"897","South Korea",2009,"p3",3.67
"898","South Korea",2009,"p4",6.67
"899","South Korea",2009,"p5",7
"900","South Korea",2009,"p6",0
"901","United States of America",2009,"p1",7
"902","United States of America",2009,"p2",7
"903","United States of America",2009,"p3",3.33
"904","United States of America",2009,"p4",5.5
"905","United States of America",2009,"p5",7
"906","United States of America",2009,"p6",0.5
"907","Italy",2009,"p1",7
"908","Italy",2009,"p2",6.33
"909","Italy",2009,"p3",3
"910","Italy",2009,"p4",4.83
"911","Italy",2009,"p5",6.33
"912","Italy",2009,"p6",0
"913","Taiwan",2009,"p1",7
"914","Taiwan",2009,"p2",6.33
"915","Taiwan",2009,"p3",0.67
"916","Taiwan",2009,"p4",5.83
"917","Taiwan",2009,"p5",7
"918","Taiwan",2009,"p6",0.67
"919","Romania",2009,"p1",6.5
"920","Romania",2009,"p2",7
"921","Romania",2009,"p3",2.5
"922","Romania",2009,"p4",4.67
"923","Romania",2009,"p5",6
"924","Romania",2009,"p6",0.5
"925","Canada",2009,"p1",6.83
"926","Canada",2009,"p2",5.83
"927","Canada",2009,"p3",2.17
"928","Canada",2009,"p4",5.5
"929","Canada",2009,"p5",6
"930","Canada",2009,"p6",0
"931","United Kingdom",2009,"p1",6.83
"932","United Kingdom",2009,"p2",6.33
"933","United Kingdom",2009,"p3",2.83
"934","United Kingdom",2009,"p4",5.33
"935","United Kingdom",2009,"p5",4.83
"936","United Kingdom",2009,"p6",0
"937","Israel",2009,"p1",6
"938","Israel",2009,"p2",3
"939","Israel",2009,"p3",0.67
"940","Israel",2009,"p4",2.33
"941","Israel",2009,"p5",1.33
"942","Israel",2009,"p6",0
"943","China",2008,"p1",7
"944","China",2008,"p2",7
"945","China",2008,"p3",7
"946","China",2008,"p4",7
"947","China",2008,"p5",5.83
"948","China",2008,"p6",2.33
"949","Russia",2008,"p1",7
"950","Russia",2008,"p2",5.5
"951","Russia",2008,"p3",5.83
"952","Russia",2008,"p4",7
"953","Russia",2008,"p5",7
"954","Russia",2008,"p6",0.83
"955","United States of America",2008,"p1",7
"956","United States of America",2008,"p2",5
"957","United States of America",2008,"p3",3.33
"958","United States of America",2008,"p4",6.83
"959","United States of America",2008,"p5",7
"960","United States of America",2008,"p6",2.5
"961","South Korea",2008,"p1",6.83
"962","South Korea",2008,"p2",7
"963","South Korea",2008,"p3",4.33
"964","South Korea",2008,"p4",7
"965","South Korea",2008,"p5",5.83
"966","South Korea",2008,"p6",0.33
"967","Taiwan",2008,"p1",7
"968","Taiwan",2008,"p2",5.5
"969","Taiwan",2008,"p3",2.5
"970","Taiwan",2008,"p4",7
"971","Taiwan",2008,"p5",6
"972","Taiwan",2008,"p6",0
"973","Romania",2008,"p1",7
"974","Romania",2008,"p2",3.67
"975","Romania",2008,"p3",2.5
"976","Romania",2008,"p4",7
"977","Romania",2008,"p5",2.83
"978","Romania",2008,"p6",0.5
"979","Canada",2008,"p1",7
"980","Canada",2008,"p2",4.83
"981","Canada",2008,"p3",0.17
"982","Canada",2008,"p4",6.33
"983","Canada",2008,"p5",4.17
"984","Canada",2008,"p6",0
"985","United Kingdom",2008,"p1",6.33
"986","United Kingdom",2008,"p2",2.5
"987","United Kingdom",2008,"p3",0.5
"988","United Kingdom",2008,"p4",6.33
"989","United Kingdom",2008,"p5",6.33
"990","United Kingdom",2008,"p6",0.17
"991","Italy",2008,"p1",7
"992","Italy",2008,"p2",2.5
"993","Italy",2008,"p3",2.5
"994","Italy",2008,"p4",6.83
"995","Italy",2008,"p5",3
"996","Italy",2008,"p6",0.17
"997","Israel",2008,"p1",5.67
"998","Israel",2008,"p2",3
"999","Israel",2008,"p3",1.17
"1000","Israel",2008,"p4",7
"1001","Israel",2008,"p5",2.83
"1002","Israel",2008,"p6",0.33
"1003","Russia",2007,"p1",7
"1004","Russia",2007,"p2",7
"1005","Russia",2007,"p3",2
"1006","Russia",2007,"p4",7
"1007","Russia",2007,"p5",6.17
"1008","Russia",2007,"p6",1.5
"1009","China",2007,"p1",6
"1010","China",2007,"p2",7
"1011","China",2007,"p3",2.83
"1012","China",2007,"p4",6.83
"1013","China",2007,"p5",7
"1014","China",2007,"p6",0.5
"1015","South Korea",2007,"p1",6.33
"1016","South Korea",2007,"p2",6.83
"1017","South Korea",2007,"p3",1.5
"1018","South Korea",2007,"p4",7
"1019","South Korea",2007,"p5",6
"1020","South Korea",2007,"p6",0.33
"1021","United States of America",2007,"p1",6.83
"1022","United States of America",2007,"p2",6
"1023","United States of America",2007,"p3",1
"1024","United States of America",2007,"p4",7
"1025","United States of America",2007,"p5",4.33
"1026","United States of America",2007,"p6",0.67
"1027","Taiwan",2007,"p1",6.83
"1028","Taiwan",2007,"p2",6.33
"1029","Taiwan",2007,"p3",0.33
"1030","Taiwan",2007,"p4",7
"1031","Taiwan",2007,"p5",4
"1032","Taiwan",2007,"p6",0.33
"1033","Romania",2007,"p1",6
"1034","Romania",2007,"p2",4.17
"1035","Romania",2007,"p3",0.67
"1036","Romania",2007,"p4",7
"1037","Romania",2007,"p5",6.5
"1038","Romania",2007,"p6",0
"1039","Italy",2007,"p1",5.17
"1040","Italy",2007,"p2",3.33
"1041","Italy",2007,"p3",0.17
"1042","Italy",2007,"p4",7
"1043","Italy",2007,"p5",2.33
"1044","Italy",2007,"p6",1.33
"1045","Canada",2007,"p1",5.33
"1046","Canada",2007,"p2",3.5
"1047","Canada",2007,"p3",0
"1048","Canada",2007,"p4",6.83
"1049","Canada",2007,"p5",0.67
"1050","Canada",2007,"p6",0
"1051","United Kingdom",2007,"p1",5.33
"1052","United Kingdom",2007,"p2",1.67
"1053","United Kingdom",2007,"p3",0.33
"1054","United Kingdom",2007,"p4",7
"1055","United Kingdom",2007,"p5",1.17
"1056","United Kingdom",2007,"p6",0.33
"1057","Israel",2007,"p1",5.17
"1058","Israel",2007,"p2",0.17
"1059","Israel",2007,"p3",0
"1060","Israel",2007,"p4",5.83
"1061","Israel",2007,"p5",0.67
"1062","Israel",2007,"p6",0
"1063","China",2006,"p1",7
"1064","China",2006,"p2",7
"1065","China",2006,"p3",5.83
"1066","China",2006,"p4",6.83
"1067","China",2006,"p5",6.33
"1068","China",2006,"p6",2.67
"1069","Russia",2006,"p1",7
"1070","Russia",2006,"p2",6
"1071","Russia",2006,"p3",1.83
"1072","Russia",2006,"p4",7
"1073","Russia",2006,"p5",4.67
"1074","Russia",2006,"p6",2.5
"1075","South Korea",2006,"p1",7
"1076","South Korea",2006,"p2",3.33
"1077","South Korea",2006,"p3",5
"1078","South Korea",2006,"p4",7
"1079","South Korea",2006,"p5",4.83
"1080","South Korea",2006,"p6",1.17
"1081","United States of America",2006,"p1",7
"1082","United States of America",2006,"p2",6.83
"1083","United States of America",2006,"p3",1.17
"1084","United States of America",2006,"p4",6.83
"1085","United States of America",2006,"p5",3.33
"1086","United States of America",2006,"p6",0.5
"1087","Romania",2006,"p1",7
"1088","Romania",2006,"p2",4
"1089","Romania",2006,"p3",2.83
"1090","Romania",2006,"p4",6.83
"1091","Romania",2006,"p5",4.5
"1092","Romania",2006,"p6",0.17
"1093","Taiwan",2006,"p1",7
"1094","Taiwan",2006,"p2",4.5
"1095","Taiwan",2006,"p3",2.33
"1096","Taiwan",2006,"p4",6.67
"1097","Taiwan",2006,"p5",2.17
"1098","Taiwan",2006,"p6",0
"1099","Italy",2006,"p1",6.67
"1100","Italy",2006,"p2",4.33
"1101","Italy",2006,"p3",0.17
"1102","Italy",2006,"p4",6.83
"1103","Italy",2006,"p5",3.67
"1104","Italy",2006,"p6",0.33
"1105","Canada",2006,"p1",7
"1106","Canada",2006,"p2",4.5
"1107","Canada",2006,"p3",1.17
"1108","Canada",2006,"p4",6.83
"1109","Canada",2006,"p5",0.83
"1110","Canada",2006,"p6",0.17
"1111","United Kingdom",2006,"p1",7
"1112","United Kingdom",2006,"p2",3.67
"1113","United Kingdom",2006,"p3",0.17
"1114","United Kingdom",2006,"p4",6.17
"1115","United Kingdom",2006,"p5",2.5
"1116","United Kingdom",2006,"p6",0
"1117","Israel",2006,"p1",6.67
"1118","Israel",2006,"p2",2.17
"1119","Israel",2006,"p3",1
"1120","Israel",2006,"p4",6.83
"1121","Israel",2006,"p5",0.83
"1122","Israel",2006,"p6",0.67
"1123","China",2005,"p1",5.33
"1124","China",2005,"p2",7
"1125","China",2005,"p3",5.83
"1126","China",2005,"p4",7
"1127","China",2005,"p5",7
"1128","China",2005,"p6",7
"1129","United States of America",2005,"p1",4.5
"1130","United States of America",2005,"p2",6
"1131","United States of America",2005,"p3",5.83
"1132","United States of America",2005,"p4",7
"1133","United States of America",2005,"p5",6.33
"1134","United States of America",2005,"p6",5.83
"1135","Russia",2005,"p1",7
"1136","Russia",2005,"p2",7
"1137","Russia",2005,"p3",3.33
"1138","Russia",2005,"p4",7
"1139","Russia",2005,"p5",5.83
"1140","Russia",2005,"p6",5.17
"1141","South Korea",2005,"p1",4.67
"1142","South Korea",2005,"p2",7
"1143","South Korea",2005,"p3",4.5
"1144","South Korea",2005,"p4",7
"1145","South Korea",2005,"p5",7
"1146","South Korea",2005,"p6",3.17
"1147","Romania",2005,"p1",5.5
"1148","Romania",2005,"p2",7
"1149","Romania",2005,"p3",3.67
"1150","Romania",2005,"p4",4.83
"1151","Romania",2005,"p5",7
"1152","Romania",2005,"p6",3.83
"1153","Taiwan",2005,"p1",5.17
"1154","Taiwan",2005,"p2",5.83
"1155","Taiwan",2005,"p3",3.5
"1156","Taiwan",2005,"p4",6
"1157","Taiwan",2005,"p5",7
"1158","Taiwan",2005,"p6",4.17
"1159","United Kingdom",2005,"p1",3.67
"1160","United Kingdom",2005,"p2",7
"1161","United Kingdom",2005,"p3",3.33
"1162","United Kingdom",2005,"p4",7
"1163","United Kingdom",2005,"p5",3.5
"1164","United Kingdom",2005,"p6",2
"1165","Canada",2005,"p1",5.17
"1166","Canada",2005,"p2",5.17
"1167","Canada",2005,"p3",1.5
"1168","Canada",2005,"p4",4.83
"1169","Canada",2005,"p5",3.33
"1170","Canada",2005,"p6",2
"1171","Italy",2005,"p1",3
"1172","Italy",2005,"p2",6.67
"1173","Italy",2005,"p3",0
"1174","Italy",2005,"p4",5.83
"1175","Italy",2005,"p5",2
"1176","Italy",2005,"p6",2.5
"1177","Israel",2005,"p1",2.83
"1178","Israel",2005,"p2",5
"1179","Israel",2005,"p3",0.17
"1180","Israel",2005,"p4",4.5
"1181","Israel",2005,"p5",1.17
"1182","Israel",2005,"p6",2.83
"1183","China",2004,"p1",6.17
"1184","China",2004,"p2",6.83
"1185","China",2004,"p3",3.5
"1186","China",2004,"p4",7
"1187","China",2004,"p5",6.17
"1188","China",2004,"p6",7
"1189","United States of America",2004,"p1",6.67
"1190","United States of America",2004,"p2",6.83
"1191","United States of America",2004,"p3",3.33
"1192","United States of America",2004,"p4",7
"1193","United States of America",2004,"p5",5.83
"1194","United States of America",2004,"p6",5.67
"1195","Russia",2004,"p1",7
"1196","Russia",2004,"p2",5.67
"1197","Russia",2004,"p3",4.17
"1198","Russia",2004,"p4",7
"1199","Russia",2004,"p5",5.83
"1200","Russia",2004,"p6",4.5
"1201","Taiwan",2004,"p1",5.5
"1202","Taiwan",2004,"p2",6.5
"1203","Taiwan",2004,"p3",3.17
"1204","Taiwan",2004,"p4",7
"1205","Taiwan",2004,"p5",5.67
"1206","Taiwan",2004,"p6",3.83
"1207","Romania",2004,"p1",6.67
"1208","Romania",2004,"p2",5.5
"1209","Romania",2004,"p3",3.17
"1210","Romania",2004,"p4",7
"1211","Romania",2004,"p5",3.5
"1212","Romania",2004,"p6",3.5
"1213","South Korea",2004,"p1",6.5
"1214","South Korea",2004,"p2",5.67
"1215","South Korea",2004,"p3",2.67
"1216","South Korea",2004,"p4",6.17
"1217","South Korea",2004,"p5",5
"1218","South Korea",2004,"p6",1.67
"1219","Israel",2004,"p1",6.83
"1220","Israel",2004,"p2",4
"1221","Israel",2004,"p3",0.33
"1222","Israel",2004,"p4",7
"1223","Israel",2004,"p5",3.33
"1224","Israel",2004,"p6",3
"1225","United Kingdom",2004,"p1",6
"1226","United Kingdom",2004,"p2",4.83
"1227","United Kingdom",2004,"p3",1.33
"1228","United Kingdom",2004,"p4",7
"1229","United Kingdom",2004,"p5",1.83
"1230","United Kingdom",2004,"p6",1.33
"1231","Canada",2004,"p1",5.83
"1232","Canada",2004,"p2",4.17
"1233","Canada",2004,"p3",3
"1234","Canada",2004,"p4",5.5
"1235","Canada",2004,"p5",1.83
"1236","Canada",2004,"p6",1.67
"1237","Italy",2004,"p1",4.67
"1238","Italy",2004,"p2",1.33
"1239","Italy",2004,"p3",0.83
"1240","Italy",2004,"p4",3
"1241","Italy",2004,"p5",1.5
"1242","Italy",2004,"p6",0.17
"1243","China",2003,"p1",7
"1244","China",2003,"p2",6.67
"1245","China",2003,"p3",4.67
"1246","China",2003,"p4",7
"1247","China",2003,"p5",7
"1248","China",2003,"p6",2.83
"1249","United States of America",2003,"p1",7
"1250","United States of America",2003,"p2",6
"1251","United States of America",2003,"p3",3
"1252","United States of America",2003,"p4",7
"1253","United States of America",2003,"p5",6
"1254","United States of America",2003,"p6",2.33
"1255","Russia",2003,"p1",6.17
"1256","Russia",2003,"p2",5.33
"1257","Russia",2003,"p3",2.33
"1258","Russia",2003,"p4",7
"1259","Russia",2003,"p5",5
"1260","Russia",2003,"p6",2
"1261","South Korea",2003,"p1",5.83
"1262","South Korea",2003,"p2",5.5
"1263","South Korea",2003,"p3",0.17
"1264","South Korea",2003,"p4",6.5
"1265","South Korea",2003,"p5",5.17
"1266","South Korea",2003,"p6",3
"1267","Romania",2003,"p1",6.67
"1268","Romania",2003,"p2",4.5
"1269","Romania",2003,"p3",0.5
"1270","Romania",2003,"p4",5.83
"1271","Romania",2003,"p5",4.67
"1272","Romania",2003,"p6",1.67
"1273","United Kingdom",2003,"p1",7
"1274","United Kingdom",2003,"p2",4.33
"1275","United Kingdom",2003,"p3",0
"1276","United Kingdom",2003,"p4",6.67
"1277","United Kingdom",2003,"p5",2.83
"1278","United Kingdom",2003,"p6",0.5
"1279","Canada",2003,"p1",4.83
"1280","Canada",2003,"p2",4.33
"1281","Canada",2003,"p3",2.33
"1282","Canada",2003,"p4",6
"1283","Canada",2003,"p5",2
"1284","Canada",2003,"p6",0.33
"1285","Taiwan",2003,"p1",5.33
"1286","Taiwan",2003,"p2",3.17
"1287","Taiwan",2003,"p3",0
"1288","Taiwan",2003,"p4",5.83
"1289","Taiwan",2003,"p5",4.33
"1290","Taiwan",2003,"p6",0.33
"1291","Israel",2003,"p1",5
"1292","Israel",2003,"p2",5.4
"1293","Israel",2003,"p3",0
"1294","Israel",2003,"p4",6.2
"1295","Israel",2003,"p5",1
"1296","Israel",2003,"p6",3
"1297","Italy",2003,"p1",3.5
"1298","Italy",2003,"p2",0.83
"1299","Italy",2003,"p3",0
"1300","Italy",2003,"p4",3.67
"1301","Italy",2003,"p5",0.33
"1302","Italy",2003,"p6",0
"1303","China",2002,"p1",6.83
"1304","China",2002,"p2",6.83
"1305","China",2002,"p3",4
"1306","China",2002,"p4",7
"1307","China",2002,"p5",7
"1308","China",2002,"p6",3.67
"1309","Russia",2002,"p1",7
"1310","Russia",2002,"p2",7
"1311","Russia",2002,"p3",2.67
"1312","Russia",2002,"p4",7
"1313","Russia",2002,"p5",7
"1314","Russia",2002,"p6",3.33
"1315","United States of America",2002,"p1",6.33
"1316","United States of America",2002,"p2",5.67
"1317","United States of America",2002,"p3",1.67
"1318","United States of America",2002,"p4",4
"1319","United States of America",2002,"p5",5.67
"1320","United States of America",2002,"p6",5.17
"1321","South Korea",2002,"p1",5.17
"1322","South Korea",2002,"p2",6
"1323","South Korea",2002,"p3",1.5
"1324","South Korea",2002,"p4",7
"1325","South Korea",2002,"p5",6.17
"1326","South Korea",2002,"p6",1.33
"1327","Taiwan",2002,"p1",6.5
"1328","Taiwan",2002,"p2",7
"1329","Taiwan",2002,"p3",1.67
"1330","Taiwan",2002,"p4",7
"1331","Taiwan",2002,"p5",4.33
"1332","Taiwan",2002,"p6",0.33
"1333","Romania",2002,"p1",4.83
"1334","Romania",2002,"p2",6.33
"1335","Romania",2002,"p3",1.83
"1336","Romania",2002,"p4",6.83
"1337","Romania",2002,"p5",5.33
"1338","Romania",2002,"p6",1
"1339","Canada",2002,"p1",5
"1340","Canada",2002,"p2",4.17
"1341","Canada",2002,"p3",1.83
"1342","Canada",2002,"p4",7
"1343","Canada",2002,"p5",4.83
"1344","Canada",2002,"p6",0.83
"1345","Israel",2002,"p1",5.5
"1346","Israel",2002,"p2",5.83
"1347","Israel",2002,"p3",1.17
"1348","Israel",2002,"p4",5.17
"1349","Israel",2002,"p5",3.17
"1350","Israel",2002,"p6",0.83
"1351","United Kingdom",2002,"p1",5.33
"1352","United Kingdom",2002,"p2",4.33
"1353","United Kingdom",2002,"p3",0.67
"1354","United Kingdom",2002,"p4",5.5
"1355","United Kingdom",2002,"p5",3.33
"1356","United Kingdom",2002,"p6",0.17
"1357","Italy",2002,"p1",4.67
"1358","Italy",2002,"p2",3.5
"1359","Italy",2002,"p3",0.17
"1360","Italy",2002,"p4",5
"1361","Italy",2002,"p5",1.33
"1362","Italy",2002,"p6",0
"1363","China",2001,"p1",7
"1364","China",2001,"p2",6.67
"1365","China",2001,"p3",3.83
"1366","China",2001,"p4",7
"1367","China",2001,"p5",7
"1368","China",2001,"p6",6
"1369","Russia",2001,"p1",6.83
"1370","Russia",2001,"p2",4.67
"1371","Russia",2001,"p3",4.17
"1372","Russia",2001,"p4",7
"1373","Russia",2001,"p5",6.5
"1374","Russia",2001,"p6",3.5
"1375","United States of America",2001,"p1",6.83
"1376","United States of America",2001,"p2",5.17
"1377","United States of America",2001,"p3",4.67
"1378","United States of America",2001,"p4",7
"1379","United States of America",2001,"p5",5.5
"1380","United States of America",2001,"p6",3.5
"1381","South Korea",2001,"p1",7
"1382","South Korea",2001,"p2",7
"1383","South Korea",2001,"p3",1.5
"1384","South Korea",2001,"p4",7
"1385","South Korea",2001,"p5",6.5
"1386","South Korea",2001,"p6",1.83
"1387","Taiwan",2001,"p1",7
"1388","Taiwan",2001,"p2",6
"1389","Taiwan",2001,"p3",1.67
"1390","Taiwan",2001,"p4",4.67
"1391","Taiwan",2001,"p5",3.5
"1392","Taiwan",2001,"p6",0.67
"1393","Romania",2001,"p1",5.33
"1394","Romania",2001,"p2",1.67
"1395","Romania",2001,"p3",2.17
"1396","Romania",2001,"p4",6
"1397","Romania",2001,"p5",3.33
"1398","Romania",2001,"p6",3
"1399","Israel",2001,"p1",4.5
"1400","Israel",2001,"p2",3
"1401","Israel",2001,"p3",1.67
"1402","Israel",2001,"p4",3.33
"1403","Israel",2001,"p5",3.67
"1404","Israel",2001,"p6",2.67
"1405","Canada",2001,"p1",6.17
"1406","Canada",2001,"p2",1.33
"1407","Canada",2001,"p3",1.33
"1408","Canada",2001,"p4",4
"1409","Canada",2001,"p5",2.5
"1410","Canada",2001,"p6",1.33
"1411","United Kingdom",2001,"p1",3.33
"1412","United Kingdom",2001,"p2",1.33
"1413","United Kingdom",2001,"p3",0.5
"1414","United Kingdom",2001,"p4",5
"1415","United Kingdom",2001,"p5",2.83
"1416","United Kingdom",2001,"p6",0.17
"1417","Italy",2001,"p1",2
"1418","Italy",2001,"p2",0
"1419","Italy",2001,"p3",0.83
"1420","Italy",2001,"p4",5
"1421","Italy",2001,"p5",1.5
"1422","Italy",2001,"p6",0
"1423","China",2000,"p1",7
"1424","China",2000,"p2",7
"1425","China",2000,"p3",3.17
"1426","China",2000,"p4",6.5
"1427","China",2000,"p5",7
"1428","China",2000,"p6",5.67
"1429","Russia",2000,"p1",7
"1430","Russia",2000,"p2",6
"1431","Russia",2000,"p3",4.17
"1432","Russia",2000,"p4",6.33
"1433","Russia",2000,"p5",7
"1434","Russia",2000,"p6",5.33
"1435","United States of America",2000,"p1",6.33
"1436","United States of America",2000,"p2",6.67
"1437","United States of America",2000,"p3",4.5
"1438","United States of America",2000,"p4",6.5
"1439","United States of America",2000,"p5",3.67
"1440","United States of America",2000,"p6",3
"1441","South Korea",2000,"p1",7
"1442","South Korea",2000,"p2",6.67
"1443","South Korea",2000,"p3",2.5
"1444","South Korea",2000,"p4",4
"1445","South Korea",2000,"p5",5
"1446","South Korea",2000,"p6",3.5
"1447","Taiwan",2000,"p1",7
"1448","Taiwan",2000,"p2",7
"1449","Taiwan",2000,"p3",1.17
"1450","Taiwan",2000,"p4",6.67
"1451","Taiwan",2000,"p5",4.67
"1452","Taiwan",2000,"p6",0.83
"1453","Israel",2000,"p1",5.83
"1454","Israel",2000,"p2",7
"1455","Israel",2000,"p3",2.17
"1456","Israel",2000,"p4",4
"1457","Israel",2000,"p5",3.67
"1458","Israel",2000,"p6",0.5
"1459","Romania",2000,"p1",6.17
"1460","Romania",2000,"p2",5
"1461","Romania",2000,"p3",0.5
"1462","Romania",2000,"p4",2.5
"1463","Romania",2000,"p5",5
"1464","Romania",2000,"p6",4
"1465","Canada",2000,"p1",5.17
"1466","Canada",2000,"p2",3.83
"1467","Canada",2000,"p3",1.5
"1468","Canada",2000,"p4",4.17
"1469","Canada",2000,"p5",3.5
"1470","Canada",2000,"p6",0.5
"1471","United Kingdom",2000,"p1",4.5
"1472","United Kingdom",2000,"p2",1.83
"1473","United Kingdom",2000,"p3",0.83
"1474","United Kingdom",2000,"p4",5.33
"1475","United Kingdom",2000,"p5",2.67
"1476","United Kingdom",2000,"p6",0.83
"1477","Italy",2000,"p1",3.33
"1478","Italy",2000,"p2",2
"1479","Italy",2000,"p3",0.5
"1480","Italy",2000,"p4",3.17
"1481","Italy",2000,"p5",0.5
"1482","Italy",2000,"p6",0
